<?xml version="1.0" encoding="UTF-8"?>
<beans:beans xmlns="http://www.springframework.org/schema/mvc"
	xmlns:xsi="http://www.w3.org/2001/XMLSchema-instance"
	xmlns:beans="http://www.springframework.org/schema/beans"
	xmlns:context="http://www.springframework.org/schema/context"
	xsi:schemaLocation="http://www.springframework.org/schema/mvc https://www.springframework.org/schema/mvc/spring-mvc.xsd
		http://www.springframework.org/schema/beans https://www.springframework.org/schema/beans/spring-beans.xsd
		http://www.springframework.org/schema/context https://www.springframework.org/schema/context/spring-context.xsd">

	<!-- DispatcherServlet Context: defines this servlet's request-processing infrastructure -->
	
	<!-- Enables the Spring MVC @Controller programming model -->
	<annotation-driven />

	<!-- Handles HTTP GET requests for /resources/** by efficiently serving up static resources in the ${webappRoot}/resources directory -->
	<resources mapping="/resources/**" location="/resources/" />

	<!-- Resolves views selected for rendering by @Controllers to .jsp resources in the /WEB-INF/views directory -->
	<beans:bean class="org.springframework.web.servlet.view.InternalResourceViewResolver">
		<beans:property name="prefix" value="/WEB-INF/views/" />
		<beans:property name="suffix" value=".jsp" />
	</beans:bean>
	
	<!-- 자동생성(Auto-Detecting) -->
	<!-- <context:component-scan base-package="메인패키지경로설정" /> -->
	
	<!--아래컨트롤러가 수동생성시  @Autowired지원속성  -->
	<context:annotation-config/>
	
	<!-- MemberController -->
	<beans:bean  class="controller.MemberController">
	    <beans:property name="member_dao"  ref="member_dao"/>
	</beans:bean>
	
	<!-- BoardController -->
	<beans:bean class="controller.BoardController">
	    <beans:property name="board_dao"  ref="board_dao"/> 
	</beans:bean>
	
	<!-- CKEditorFileUploadController  -->
	<beans:bean class="controller.CKEditorFileUploadController"></beans:bean>
	
	
	<!-- CommentController -->
	<beans:bean class="controller.CommentController">
	    <beans:property name="comment_dao"  ref="comment_dao"/>
	</beans:bean>	
	
	
	
</beans:beans>
