<?xml version="1.0" encoding="UTF-8" ?>
<!DOCTYPE mapper
PUBLIC "-//mybatis.org//DTD Mapper 3.0//EN" "http://mybatis.org/dtd/mybatis-3-mapper.dtd">
<mapper namespace="product_remain">
     
    <!-- 재고목록 전체조회 -->
	<select id="product_remain_list" resultType="vo.ProductVo">
		select * from product_remain order by idx
	</select>

	<!-- 재고등록 -->
	<insert id="product_remain_insert" parameterType="vo.ProductVo">
		insert into product_remain values(seq_product_remain_idx.nextVal, #{ name } , #{ cnt } , sysdate)
	</insert>

	<!-- 상품명을 이용한 객체 조회 -->
	<select id="product_remain_one_name" parameterType="String" resultType="vo.ProductVo">
		select * from product_remain where name=#{ name }
	</select>
	
	<!-- 수정(수량수정) -->
	<update id="product_remain_update_cnt" parameterType="vo.ProductVo">
		update product_remain set cnt=#{ cnt } 
		where name=#{ name }
	</update>

</mapper>












