<?xml version="1.0" encoding="UTF-8"?>
<beans xmlns="http://www.springframework.org/schema/beans"
	xmlns:xsi="http://www.w3.org/2001/XMLSchema-instance"
	xsi:schemaLocation="http://www.springframework.org/schema/beans https://www.springframework.org/schema/beans/spring-beans.xsd">
	
	<!-- Root Context: defines shared resources visible to all other web components -->
	
	<!-- Spring 과 json과의  연동 설정 -->   
	<bean class="org.springframework.web.servlet.mvc.method.annotation.RequestMappingHandlerAdapter">
	    <property name="messageConverters">
	    <list>    
	        <bean class="org.springframework.http.converter.json.MappingJackson2HttpMessageConverter">
	            <property name="supportedMediaTypes">
	                <list>
	                    <value>text/html;charset=UTF-8</value>
	                    <value>application/json;charset=UTF-8</value>
	                </list>
	            </property>
	        </bean>            
	    </list>
	    </property>                        
	</bean>    	
		
</beans>
