<?xml version="1.0" encoding="UTF-8"?>
<beans:beans xmlns="http://www.springframework.org/schema/mvc"
	xmlns:xsi="http://www.w3.org/2001/XMLSchema-instance"
	xmlns:beans="http://www.springframework.org/schema/beans"
	xmlns:context="http://www.springframework.org/schema/context"
	xsi:schemaLocation="http://www.springframework.org/schema/mvc https://www.springframework.org/schema/mvc/spring-mvc.xsd
		http://www.springframework.org/schema/beans https://www.springframework.org/schema/beans/spring-beans.xsd
		http://www.springframework.org/schema/context https://www.springframework.org/schema/context/spring-context.xsd">

	<!-- DispatcherServlet Context: defines this servlet's request-processing infrastructure -->
	
	<!-- Enables the Spring MVC @Controller programming model -->
	<annotation-driven />

	<!-- Handles HTTP GET requests for /resources/** by efficiently serving up static resources in the ${webappRoot}/resources directory -->
	<resources mapping="/resources/**" location="/resources/" />

	<!-- Resolves views selected for rendering by @Controllers to .jsp resources in the /WEB-INF/views directory -->
	<beans:bean class="org.springframework.web.servlet.view.InternalResourceViewResolver">
		<beans:property name="prefix" value="/WEB-INF/views/" />
		<beans:property name="suffix" value=".jsp" />
	</beans:bean>
	
	<!-- @Autowired 지원속성 -->	
	<context:annotation-config/>
	
	<!-- 자동생성(Auto-Detecting) -->
	<context:component-scan base-package="com.ic.cam" />
	
	<!-- RPlaceController -->
	<beans:bean class="controller.RPlaceController">
		<beans:property name="rplace_dao" ref="rplace_dao"/>
	</beans:bean>
	
	<!-- 수동생성 -->
	<!-- MemberController -->
	<beans:bean  class="controller.MemberController">
	    <beans:property name="member_dao"  ref="member_dao"/>
	</beans:bean>
	
	<!--  NoticeController  -->
	<beans:bean class="controller.NoticeController">
	<beans:property name="notice_dao" ref="notice_dao"/>
	</beans:bean>
	
	<!-- 이메일 인증 설정 -->
	<beans:bean id="mailSender" class="org.springframework.mail.javamail.JavaMailSenderImpl">
		<beans:property name="host" value="smtp.gmail.com"/>
		<beans:property name="port" value="587"/>
		<beans:property name="defaultEncoding" value="utf-8"/>
		<beans:property name="username" value="alcamcompany@gmail.com"/>
		<beans:property name="password" value="class03alcam"/>
		<beans:property name="javaMailProperties">
			<beans:props>
				<beans:prop key="mail.transport.protocol">smtp</beans:prop>
				<beans:prop key="mail.smtp.auth">true</beans:prop>
				<beans:prop key="mail.smtp.socketFactory.class">javax.net.ssl.SSLSocketFactory</beans:prop>
				<beans:prop key="mail.smtp.starttls.enable">true</beans:prop>
				<beans:prop key="mail.debug">true</beans:prop>
			</beans:props>
		</beans:property>
	</beans:bean>
	<!-- Camping장 위치 검색 컨트롤러 -->
	<beans:bean  class="controller.PlaceController">
	    
	</beans:bean>
	
	<!-- 캠핑 용품 컨트롤러 -->
	<beans:bean  class="controller.CampProductController">
	    <beans:property name="campproduct_dao"  ref="campproduct_dao"/>
	</beans:bean>
	
	<!-- BmkPlaceController -->
	<beans:bean  class="controller.BmkPlaceController">
	    <beans:property name="bmkplace_dao"  ref="bmkplace_dao"/>
	</beans:bean>
	
	<!-- BmkGoodsController -->
	<beans:bean  class="controller.BmkGoodsController">
	    <beans:property name="bmkgoods_dao"  ref="bmkgoods_dao"/>
	</beans:bean>

</beans:beans>
