<?xml version="1.0" encoding="UTF-8" ?>
<!DOCTYPE mapper
PUBLIC "-//mybatis.org//DTD Mapper 3.0//EN" "http://mybatis.org/dtd/mybatis-3-mapper.dtd">
<mapper namespace="comment">
 
    <!-- 전체리스트 -->
    <select id="comment_list" parameterType="int" resultType="comment">
          <!-- select 
             c_idx,c_content,c_ip,c_regdate,c.m_idx,m.m_id,m.m_name,b_idx
		  from
		      comment_tb c inner join member m  on c.m_idx=m.m_idx -->
		  select * from comment_tb    
          where b_idx=#{ b_idx }
          order by c_idx desc
    </select>
    
    <!-- 페이징별 리스트 -->
    <select id="comment_page_list"  parameterType="Map"  resultType="comment">
	      select * from
		  (
			  select
			     rank() over(order by c_idx desc) as no,
			     c.*
			  from  (select * from comment_tb where b_idx=#{ b_idx }) c
		  )
		  where no between #{ start } and #{ end }
    </select>
    
    <!-- b_idx별 댓글수  -->
    <select id="comment_row_total"  parameterType="int"  resultType="int">
          select nvl(count(*),0) from comment_tb 
          where b_idx=#{ b_idx }
    </select>

     
    <!-- insert -->
    <insert id="comment_insert"  parameterType="comment">
       insert into comment_tb  values(
           seq_comment_tb_c_idx.nextVal,
           #{ c_content },
           #{ c_ip },
           sysdate,
           #{ m_idx },
           #{ m_id },
           #{ m_name },
           #{ b_idx }
       )
    </insert>
    
    <!-- delete -->
    <delete id="comment_delete"  parameterType="int">
        delete from comment_tb where c_idx=#{ c_idx } 
    </delete>

</mapper>












