<?xml version="1.0" encoding="UTF-8" ?>
<!DOCTYPE mapper
PUBLIC "-//mybatis.org//DTD Mapper 3.0//EN"  "http://mybatis.org/dtd/mybatis-3-mapper.dtd">
<mapper namespace="bmkgoods">

	<!-- 즐겨찾기 조회(m_idx별) -->
	<select id="bmkgoods_list" parameterType="int" resultType="vo.BmkGoodsVo">
		select * from bmk_goods_view where m_idx=#{m_idx}
	</select>
	
	<!-- m_idx별 총계 -->
	<select id="bmkgoods_total_amount" parameterType="int" resultType="int">
		select nvl(sum(amount),0) from bmk_goods_view where m_idx=#{ m_idx }
	</select>
	
	<!-- 장바구니 수정 -->
	<update id="bmkgoods_update" parameterType="vo.BmkGoodsVo" >
		update bookmark_goods set bmk_g_cnt=#{ bmk_g_cnt } where bmk_g_idx=#{ bmk_g_idx }
	</update>
	
	<!-- 즐겨찾기 1건 삭제 -->
	<delete id="bmkgoods_delete" parameterType="int">
		delete from bookmark_goods where bmk_g_idx=#{bmk_g_idx}
	</delete>
	
	<!-- 즐겨찾기 여부 조회 -->
	<select id="bmkgoods_one" parameterType="vo.BmkGoodsVo" resultType="vo.BmkGoodsVo">
		select * from bookmark_goods where g_idx=#{g_idx} and m_idx=#{m_idx}
	</select>
	
	<!-- 즐겨찾기 추가 -->
	<insert id="bmkgoods_insert" parameterType="vo.BmkGoodsVo">
		insert into bookmark_goods values(seq_bookmark_bmk_goods_g_idx.nextVal,1,#{m_idx},#{g_idx})
	</insert>
	
	<!-- 페이징처리 위한 총 즐겨찾기 용품 수 -->
	<select id="bmkgoods_row_total" parameterType="int" resultType="int">
	    select nvl(count(*),0) from bmk_goods_view where m_idx=#{m_idx}
	</select>
	
	<!-- 페이징별 리스트 -->
	<select id="bmkgoods_page_list" parameterType="Map" resultType="vo.BmkGoodsVo">
		select * from
		(
			select
				rank() over(order by bmk_g_idx asc) as no,
				g.*
			from (select * from bmk_goods_view where m_idx=#{m_idx}) g
		)
		where no between #{start} and #{end}
	</select>


</mapper>












